<?xml version="1.0" encoding="utf-8"?>
        <LinearLayout xmlns:android="http://schemas.android.com/apk/res/android"
            android:layout_width="match_parent"
            android:layout_height="wrap_content"
            android:orientation="vertical" >
        
    <TableLayout
        android:layout_width="match_parent"
        android:layout_height="wrap_content" >

        <TableRow
            android:id="@+id/tableRow1"
            android:layout_width="wrap_content"
            android:layout_height="wrap_content"
            android:paddingBottom="10dp"
            android:paddingLeft="10dp" >

            <TextView
                android:id="@+id/txtName"
                android:layout_width="wrap_content"
                android:layout_height="wrap_content"
                android:text="Large Text"
                android:textAppearance="?android:attr/textAppearanceLarge" />
        </TableRow>

        <TableRow
            android:id="@+id/tableRow57"
            android:layout_width="wrap_content"
            android:layout_height="wrap_content"
             android:paddingLeft="25dp" >
            

          <TextView
                android:id="@+id/txtCity"
                android:layout_width="wrap_content"
                android:layout_height="wrap_content"
                android:paddingBottom="10dp"
                android:text="TextView" />

        </TableRow>

        <TableRow
            android:id="@+id/tableRow2"
            android:layout_width="wrap_content"
            android:layout_height="20dp"
            android:paddingBottom="10dp"
            android:paddingLeft="25dp" >

            <ImageView
                android:id="@+id/imageView1"
                android:layout_width="5dp"
                android:layout_height="wrap_content"
                android:adjustViewBounds="true"
                android:contentDescription="@string/strPhoneIco"
                android:maxHeight="50dp"
                android:paddingRight="20dp"
                android:scaleType="fitStart"
                android:src="@drawable/phone1" />

            <TextView
                android:id="@+id/txtPhone"
                android:layout_width="wrap_content"
                android:layout_height="wrap_content"
                android:layout_gravity="left"
                android:layout_marginLeft="-50dp"
                android:autoLink="phone"
                android:text="TextView" />

        </TableRow>

        <TableRow
            android:id="@+id/tableRow3"
            android:layout_width="wrap_content"
            android:layout_height="wrap_content" 
             android:paddingLeft="25dp" >

            <ImageView
                android:id="@+id/imageView2"
                android:layout_height="wrap_content"
                android:layout_width="wrap_content"
                android:adjustViewBounds="true"
                android:contentDescription="@string/strAddressIco"
                android:maxHeight="50dp"
                android:paddingRight="20dp"
                android:scaleType="fitStart"
                android:src="@drawable/address1" />

            <TextView
                android:id="@+id/txtAddress"
                android:layout_width="wrap_content"
                android:layout_gravity="left"
                android:layout_marginLeft="-50dp"
                android:autoLink="all"
                android:text="TextView" />

        </TableRow>

        <TableRow
            android:id="@+id/tableRow4"
            android:layout_width="wrap_content"
            android:layout_height="wrap_content" >
        </TableRow>

        

            <TableRow
                android:id="@+id/tableRow12"
                android:layout_width="wrap_content"
                android:layout_height="wrap_content"
                android:paddingBottom="5dp"
                android:paddingLeft="15dp" >
    
                                <TextView
                                    android:id="@+id/lblPriceRange"
                                    android:layout_width="wrap_content"
                                    android:layout_height="wrap_content"
                                    android:paddingRight="10dp"
                                    android:text="@string/strPriceRange"
                                    android:textStyle="bold" />
                
    <TextView
        android:id="@+id/txtPriceRange"
        android:layout_width="wrap_content"
        android:layout_height="wrap_content"

        android:text="TextView" />
    </TableRow>

            <TableRow
                android:id="@+id/tableRow13"
                android:layout_width="wrap_content"
                android:layout_height="wrap_content"
                android:paddingBottom="5dp"
                android:paddingLeft="15dp" >

                    <TextView
                        android:id="@+id/lblHours"
                        android:layout_width="wrap_content"
                        android:layout_height="wrap_content"
                        android:paddingRight="10dp"
                        android:text="@string/strHours"
                        android:textStyle="bold" />

    <TextView
        android:id="@+id/txtHours"
        android:layout_width="wrap_content"
        android:layout_height="wrap_content"
      
        android:text="TextView" />
    </TableRow>
 </TableLayout>
</LinearLayout>